1403181746	Base Layer.k00 -> Base Layer.k00 0
419095881	Base Layer.k00 0 -> Base Layer.k00
4029109825	Base Layer.k01 0 -> Base Layer.k01
1339930750	k00 0
436315962	k01 -> k01 0
2105523844	GravityWeight
1113389964	k00
1310708297	k01 0
2479358307	Base Layer.k01
3838783989	Base Layer.k00
895208218	k01
2263091260	Entry -> Base Layer.k01
756556552	Base Layer
2328160520	k01 0 -> k01
0	
3451532059	Base Layer.k01 -> Base Layer.k01 0
3411254731	Base Layer.k01 0
4093748787	k00 -> k00 0
302101152	k00 0 -> k00
23966416	Loop
4058200234	Entry -> Base Layer.k00
2805616961	AnyState -> k00
3493683671	AnyState -> k01
3398563836	Base Layer.k00 0
